Attorney General's Office,Dominic Grieve
Attorney General's Office,Oliver Heald
Attorney General's Office,Lord Wallace
Office of the Advocate General for Scotland,Lord Wallace
"Department for Business, Innovation and Skills",Vince Cable
"Department for Business, Innovation and Skills",David Willetts
"Department for Business, Innovation and Skills",Lord Green
"Department for Business, Innovation and Skills",Michael Fallon
"Department for Business, Innovation and Skills",Jo Swinson
"Department for Business, Innovation and Skills",Viscount Younger
"Department for Business, Innovation and Skills",Matthew Hancock
"Department for Business, Innovation and Skills",Baroness Garden
Cabinet Office,David Cameron
Cabinet Office,Nick Clegg
Cabinet Office,Kenneth Clarke
Cabinet Office,Francis Maude
Cabinet Office,Oliver Letwin
Cabinet Office,David Laws
Cabinet Office,Grant Shapps
Cabinet Office,John Hayes
Cabinet Office,Chloe Smith
Cabinet Office,Nick Hurd
Cabinet Office,Lord Wallace
Department for Communities and Local Government,Eric Pickles
Department for Communities and Local Government,Baroness Warsi
Department for Communities and Local Government,Mark Prisk
Department for Communities and Local Government,Nick Boles
Department for Communities and Local Government,Don Foster
Department for Communities and Local Government,Baroness Hanham
Department for Communities and Local Government,Brandon Lewis
"Department for Culture, Media and Sport",Maria Miller
"Department for Culture, Media and Sport",Hugh Robertson
"Department for Culture, Media and Sport",Helen Grant
"Department for Culture, Media and Sport",Edward Vaizey
"Department for Culture, Media and Sport",Jo Swinson
"Department for Culture, Media and Sport",Lord Gardiner
"Department for Culture, Media and Sport",Baroness Stowell
Ministry of Defence,Philip Hammond
Ministry of Defence,Mark Francois
Ministry of Defence,Andrew Robathab
Ministry of Defence,Lord Astor
Ministry of Defence,Andrew Murrison
Ministry of Defence,Philip Dunne
Department for Education,Michael Gove
Department for Education,David Laws
Department for Education,Lord Nash
Department for Education,Edward Timpson
Department for Education,Elizabeth Truss
Department for Education,Matthew Hancock
Department of Energy and Climate Change,Edward Davey
Department of Energy and Climate Change,Gregory Barker
Department of Energy and Climate Change,Michael Fallon
Department of Energy and Climate Change,Baroness Verma
"Department for Environment, Food and Rural Affairs",Owen Paterson
"Department for Environment, Food and Rural Affairs",David Heath
"Department for Environment, Food and Rural Affairs",Lord De Mauley
"Department for Environment, Food and Rural Affairs",Richard Benyon
Foreign and Commonwealth Office,William Hague
Foreign and Commonwealth Office,Baroness Warsi
Foreign and Commonwealth Office,David Lidington
Foreign and Commonwealth Office,Hugo Swire
Foreign and Commonwealth Office,Lord Green
Foreign and Commonwealth Office,Mark Simmonds
Foreign and Commonwealth Office,Alistair Burt
Department of Health,Jeremy Hunt
Department of Health,Norman Lamb
Department of Health,Daniel Poulter
Department of Health,Anna Soubry
Department of Health,Earl Howe
Home Office,Theresa May
Home Office,Jeremy Browne
Home Office,Mark Harper
Home Office,Damian Green
Home Office,James Brokenshire
Home Office,Lord Taylor
Department for International Development,Justine Greening
Department for International Development,Alan Duncan
Department for International Development,Lynne Featherstone
Department for International Development,Baroness Northover
Ministry of Justice,Chris Grayling
Ministry of Justice,Lord McNally
Ministry of Justice,Damian Green
Ministry of Justice,Jeremy Wright
Ministry of Justice,Helen Grant
Office of the Leader of the House of Commons,Andrew Lansley
Office of the Leader of the House of Commons,Tom Brake
Office of the Leader of the House of Lords,Lord Hill
Office of the Leader of the House of Lords,Lord McNally
Northern Ireland Office,Theresa Villiers
Northern Ireland Office,Mike Penning
Northern Ireland Office,Baroness Randerson
Privy Council Office,Nick Clegg
Scotland Office,Michael Moore
Scotland Office,David Mundell
Scotland Office,Lord Wallace
Department for Transport,Patrick McLoughlin
Department for Transport,Simon Burns
Department for Transport,Norman Baker
Department for Transport,Stephen Hammond
Department for Transport,Earl Attlee
HM Treasury,George Osborne
HM Treasury,Danny Alexander
HM Treasury,Sir George Young
HM Treasury,Greg Clark
HM Treasury,David Gauke
HM Treasury,Sajid Javid
HM Treasury,Lord Deighton
HM Treasury,Lord Newby
HM Treasury,David Evennett
HM Treasury,Robert Goodwill
HM Treasury,Mark Lancaster
HM Treasury,Anne Milton
HM Treasury,Desmond Swayne
HM Treasury,Stephen Crabb
HM Treasury,Karen Bradley
HM Treasury,Mark Hunter
HM Treasury,Joseph Johnson
HM Treasury,Nicky Morgan
HM Treasury,Robert Syms
HM Treasury,Jenny Willott
HM Treasury,Greg Hands
Wales Office,David Jones
Wales Office,Baroness Randerson
Wales Office,Stephen Crabb
Wales Office,Lord Wallace
Department for Work and Pensions,Iain Duncan Smith
Department for Work and Pensions,Mark Hoban
Department for Work and Pensions,Steve Webb
Department for Work and Pensions,Esther McVey
Department for Work and Pensions,Lord Freud
Department for Work and Pensions,Baroness Stowell
HM Household,John Randall
HM Household,Alistair Carmichael
HM Household,Greg Knight
HM Household,Baroness Anelay
HM Household,Lord Newby
HM Household,Lord Popat
HM Household,Lord Ahmad
HM Household,Lord Gardiner
HM Household,Lord Wallace
HM Household,Earl Attlee
HM Household,Baroness Garden
HM Household,Baroness Northover
